AHUNUNU EXPRESS,,,,,,Manifest Date: 2026-08-22 to 2026-08-31
From: All Branches To: Gambela

Summary
Total Shipments: 90
Total Weight (KG): 354.95
Total Amount: 85398

Shipment Details
No.,AWB,From,To,Sender Name,Sender Phone,Sender Company,Recipient Name,Recipient Phone,Recipient Company,Weight (KG),Type,Payment mode,Who Pays,Status,CRV Receipt No.,Receipt No.,Amount,Pieces,Description,Remark
1,AWB00036130,Addis Ababa,Gambela,BEAMLAK SOLOMON,251904253745,-,BETELHEM MAMO,251935551444,-,1,Parcel,COD,Sender,SHIPPED,31806,-,500.00,1,CLOTH,-
2,AWB00036366,Kera,Gambela,Nadiya Yimer,251911566998,-,Kidane Tadesse,251917301446,-,1,Parcel,COD,Sender,SHIPPED,85540,-,500.00,1,Shoes,-
3,AWB00035240,Merkato,Gambela,Mjib Ahimedyesuf,251920679247,-,Sintayehu Mulugeta,251923060611,-,4,Parcel,COD,Sender,SHIPPED,-,-,740.00,2,Sharpening Porch Machine,-
4,331949,Kera,Gambela,Zemen Express,251961213333,-,Yemane G/selassie,251927025141,-,11,Parcel,CASH,Sender,SHIPPED,-,85359,1760.00,3,"Shiro,mitmita and berebere",-
5,AWB00036406,Addis Ababa,Gambela,Kalkidan Wegayehu,251980740606,-,Saron Mehaf,251923234883,-,2,Parcel,COD,Sender,SHIPPED,31919,-,500.00,2,sweaters,-
6,AWB00035295,Addis Ababa,Gambela,Edom Felute,251940116575,Alliance Star Business Group,Meberatu Mezegbu,251918068368,Alliance Star Business Group,0.5,Document,CREDIT,Sender,SHIPPED,-,-,625.00,1,Document,-
7,AWB00034060,Addis Ababa,Gambela,HABTEGIYORGIS CHANE,251960199034,-,PKLOCH JAMES,251905327179,-,2.3,Parcel,COD,Sender,SHIPPED,31113,-,560.00,8,"T-SHIRT 7, TUTA 1",-
8,AWB00034113,Merkato,Gambela,Fikirite Buluda,251923796502,-,Akit Umut,251982834423,-,1,Parcel,COD,Sender,SHIPPED,-,-,500.00,2,Cloth(Burgendi and Dark Green),-
9,AWB00034138,Kera,Gambela,Azene Shegaw,251965820435,-,Husky  Energy and Technology,251923354313,-,0.5,Parcel,COD,Sender,SHIPPED,85369,-,500.00,1,Bearing  with reciept,-
10,AWB00035254,Addis Ababa,Gambela,Muluneh Matiyos,251931419670,helen geberu,MERAWIT  GEBERE GIZABIRE,251932990873,-,0.5,Document,COD,-,SHIPPED,31497,-,500.00,1,Document,-
11,AWB00036457,Merkato,Gambela,Gezay Mengesh,251921920000,-,Hareg Kibrom,251931111595,-,3.5,Parcel,COD,Sender,SHIPPED,-,-,680.00,1,17 Children's Cloth and 3 Shoe,-
12,AWB00034216,Merkato,Gambela,Nardos Kassaye,251913016716,-,Mesfin Mekides,251950399216,-,3,Parcel,COD,Sender,SHIPPED,-,-,620.00,1,"12 Ex Book,1 Stick Note,1 Note Book,6 Ruuber,6 Sharpning,12 Pen and 12 Pencil With Bag",-
13,AWB00034223,Adama,Gambela,Amina Sultan,251968099063,-,Abeba  Igezu,251937804414,-,2,Parcel,COD,Sender,SHIPPED,ADAMA-GMB-CRSI-0040,-,900.00,4,Cloth(Kemis),-
14,AWB00034054,Gondar,Gambela,Yibeltal Getu,251918788925,-,Mengestu Teshamo,251901630501,-,0.5,Document,COD,Sender,SHIPPED,GDQ-CRSI-0001072,-,550.00,1,doc,-
15,AWB00035302,Kera,Gambela,Shkur Hassen,251910535454,-,Feyedu Hassen,251945038373,-,2.2,Parcel,CASH,Sender,SHIPPED,-,85480,560.00,6,"used spare part ",-
16,AWB00035321,Addis Ababa,Gambela,Sisay Solomon,251911990864,-,Dawit Desalegn,251935817925,-,11.5,Parcel,CASH,Sender,SHIPPED,-,14592,1835.00,1,used spare part,-
17,AWB00034280,Mekelle,Gambela,Asfaw Gebre,251913410200,-,Mahder Nguse,251911041856,-,2.5,Parcel,CASH,Sender,SHIPPED,-,MQX-GAMBELA-CSI-0117,1120.00,6,"Power Bank,Shoes,Cloth,Mabeterya,Jewelery",-
18,AWB00036957,Addis Ababa,Gambela,FASIL WOLDE,251900172173,-,ESYAS GENETI,251932822453,-,1,Parcel,COD,Sender,SHIPPED,32072,-,500.00,1,WHIT TUTA,-
19,AWB00034305,Kera,Gambela,Hanisa  Mohammed,251910525670,-,Hinidiya Ahmed,251902043344,-,2,Parcel,COD,Sender,SHIPPED,85386,-,500.00,13,"10 Spices, kerefa and 2 baherzaf ketel",-
20,AWB00035404,Addis Ababa,Gambela,ALEF DELTA,251911950654,-,MEUZ HAGOS,251978886400,-,0.5,Document,CASH,Sender,SHIPPED,-,14605,400.00,1,BID DOCUMENT,-
21,AWB00034064,Addis Ababa,Gambela,HABTEGIYORGIS CHANE,251960199034,-,APERI OBOYA,251965603411,-,2,Parcel,COD,Sender,SHIPPED,31116,-,500.00,3,"TROUTHER 2, T-SHIRT 1",-
22,AWB00034092,Addis Ababa,Gambela,BMY medical Technologies,251925038989,-,Dr Kelemu Tekehewe,251913131665,-,0.5,Parcel,CASH,Sender,SHIPPED,-,14332,500.00,1,back up flash,-
23,AWB00034124,Addis Ababa,Gambela,Abenezer Mesfin,251978206080,-,Hoheyat Birhanu,251923354313,-,3.5,Parcel,COD,Sender,SHIPPED,31112,-,680.00,1,adaptor,-
24,AWB00034347,Merkato,Gambela,Endashaw Faris,251922560244,-,Hoyeyat Birhanu,251923354313,HUSKY ENERGY AND THECHNOLOGIES PLC,67,Parcel,CASH,Sender,SHIPPED,-,00012328,9470.00,3,"8 Stainless Steel,8 Spear parts,1 Screw Driver,1 Pinssa and 79 Screw",-
25,AWB00035435,Addis Ababa,Gambela,habtam tilahun,251924786534,-,genet g/medin,251913502778,-,1,Parcel,COD,Sender,SHIPPED,31575,-,500.00,4,bag 1 cloth 3,-
26,AWB00034379,Merkato,Gambela,Abrham Jafar,251910682398,-,Tizazu Tadele,251992136794,-,0.5,Document,CASH,Sender,SHIPPED,-,00012331,400.00,1,Document,-
27,AWB00034380,Addis Ababa,Gambela,HABTEGEORGIS CHANE,251960199034,-,OJULU CHAN,251906958096,-,2,Parcel,COD,Sender,SHIPPED,31195,-,500.00,14,"CLOTHS/13 T-SHIRT , 1 SHORT",-
28,AWB00034384,Addis Ababa,Gambela,HABTEGIYORGIS CHANE,251960199034,-,APERI OBAYA,251965603411,-,0.5,Parcel,COD,Sender,SHIPPED,31192,-,500.00,2,CLOTHS/1 TUTA 1 TSHIRT,-
29,AWB00036525,Addis Ababa,Gambela,Muluneh Matiyos,251931419670,helen geberu,MERAWIT  geberegizabire,251932990873,helen geberu,0.5,Document,COD,-,SHIPPED,31959,-,500.00,1,Document,-
30,AWB00036983,Addis Ababa,Gambela,HABTEGIYORGIS CHANE,251960199034,-,APERIL OBAYA,251965603411,-,0.5,Parcel,COD,Sender,SHIPPED,32097,-,500.00,1,TROUTHER,-
31,AWB00034427,Addis Ababa,Gambela,Melese Solomon,251910624765,-,Beer Chibi,251991146751,-,0.5,Parcel,COD,Sender,SHIPPED,31228,-,500.00,2,2 piece cloths,-
32,AWB00036544,Kera,Gambela,Alelign  Mihret,251918341065,-,Wolela  Chuna,251918981805,-,1,Parcel,COD,Sender,SHIPPED,85552,-,500.00,1,Yemeni mar,-
33,AWB00036568,Addis Ababa,Gambela,ZEMEN EXPRESS,251961213333,-,ASTER DANAIL,251911555969,-,0.5,Document,CASH,Sender,SHIPPED,-,14943,400.00,1,DOCUMENT,-
34,AWB00034518,Addis Ababa,Gambela,Henock Birhanu,251918609905,-,Aballa Ojuw,251960890056,-,1,Parcel,COD,Sender,SHIPPED,31247,-,500.00,2,jeans,-
35,AWB00035600,Addis Ababa,Gambela,EYERUSALEM MERSHA,251997511390,-,HUSSEN SEID,251918720644,-,1,Parcel,COD,Sender,SHIPPED,31607,-,500.00,1,SHOES,-
36,AWB00034618,Kera,Gambela,Aziz  Kiyar,251939027490,-,Emawaysh Kassahun,251923430170,-,0.5,Parcel,COD,Sender,SHIPPED,85422,-,500.00,1,Cosmtics,-
37,AWB00035621,Merkato,Gambela,Kaffa Fantahun,251917667002,-,Birtukan Dememew,251919517749,-,5.5,Parcel,COD,Sender,SHIPPED,-,-,935.00,1,1 Iron and 36 Suit Holder,-
38,AWB00034623,Addis Ababa,Gambela,SISAY SOLOMON,251911990864,-,DAWIT DESALEGN,251935817925,-,1,Parcel,COD,Sender,SHIPPED,31284,-,500.00,1,SPARE PART,-
39,AWB00035337,Addis Ababa,Gambela,Gezet plc,251953252325,-,Obang Okugn,251906249823,-,1,Parcel,CASH,Sender,SHIPPED,-,14595,500.00,2,1 speaker and headset,-
40,AWB00034840,Addis Ababa,Gambela,Mohammed Shumet,251921436669,-,Nefisa Abdurhaman,251968988741,-,0.5,Document,CASH,Sender,SHIPPED,-,14506,400.00,1,DOCUMENT,-
41,AWB00034760,Addis Ababa,Gambela,IBRAHIM HADI,251919175506,-,MIMI G/SILASSE,251941533330,-,0.5,Parcel,COD,Sender,SHIPPED,31353,-,500.00,1,"SET CLOTH ",-
42,AWB00034634,Addis Ababa,Gambela,Safiya Abdulsemed,251966017171,Sewasew desgin,Biruk Getachew,251945638011,-,1,Parcel,CASH,-,SHIPPED,-,14481,500.00,1,Cloth,-
43,AWB00035632,Addis Ababa,Gambela,Meseret Worku,251912723079,Edomias International,Tarekegn Abera,251910365667,Edomias International,0.5,Document,PENDING,Sender,SHIPPED,-,-,600.00,1,Document,-
44,AWB00035680,Addis Ababa,Gambela,CHOUL JAMES,251990977772,-,CHOUL DENG,251972368552,-,1,Parcel,CASH,Sender,SHIPPED,-,14680,500.00,2,POWER INVERTOR,-
45,AWB00036614,Adama,Gambela,Dawit Negusse,251934864270,-,G/Libanos  G/Medihen,251918369666,-,3,Parcel,COD,Sender,SHIPPED,219612,-,1020.00,13,"Spar (Bella(1),Bronzo (10), Fresion Cabo(2)",-
46,AWB00034432,Addis Ababa,Gambela,Nani Assefa,251976141630,-,Akera Obang,251977624467,-,0.5,Parcel,COD,Sender,SHIPPED,31227,-,500.00,1,"jeans ",-
47,AWB00037022,Sodo,Gambela,semira dawid,251926103063,-,munyim obang,251909001207,-,0.5,Parcel,COD,Sender,IN_TRANSIT,220805,-,750.00,1,cosmotics,-
48,AWB00034723,Addis Ababa,Gambela,Tsion Kasahun,251989575969,CTG Hunam Resources and Logistics PLC,Arebu tadessie,251931537857,CTG Hunam Resources and Logistics PLC,0.5,Document,CREDIT,Sender,SHIPPED,-,-,625.00,1,Document,-
49,AWB00037047,Merkato,Gambela,Dagim G/Eyesus,251911675855,-,Mizan Alem,251939374570,-,0.5,Parcel,COD,Sender,SHIPPED,-,-,500.00,1,Tooth Sample,-
50,334712,Kera,Gambela,Fresenbet Worku,251913855398,-,Yewogneh Wogayehu,251918109157,-,2,Parcel,COD,Sender,SHIPPED,85496,-,500.00,7,Suri 3 and shemiz 4,-
51,AWB00034736,Merkato,Gambela,Biruk Abay,251909272993,-,Girma Wube,251927642222,-,0.5,Parcel,COD,Sender,SHIPPED,-,-,500.00,2,Cloth (Ethio Liverpool Jersey),-
52,AWB00034752,Addis Ababa,Gambela,SELAMAWIT G/MEDHIN,251939914195,-,MOHAMMED HUSSEN,251961852893,-,2.5,Parcel,COD,Sender,SHIPPED,31350,-,560.00,4,SHOES,-
53,AWB00034753,Addis Ababa,Gambela,SELAMAWIT G/MEDHIN,251939914195,-,ISAMEL KEDIR,251959658996,-,2,Parcel,COD,Sender,SHIPPED,31349,-,500.00,3,SHOES,-
54,334718,Kera,Gambela,Shikur Hassen,251910535454,-,Feydu Hassen,251945038373,-,1,Parcel,CASH,Sender,SHIPPED,-,215057,500.00,1,Used spare part,-
55,AWB00034808,Merkato,Gambela,Ermiyas Wendyifraw,251919098800,-,Wdase Endalkachew,251943207560,-,0.5,Valuable,COD,Sender,SHIPPED,-,-,800.00,1,MFYK4LL/A Model Phone(Unpacked),-
56,AWB00034817,Merkato,Gambela,Eyerusalem Atumo,251949016583,-,Metasebiya Nurye,251941573765,-,5.2,Parcel,COD,Sender,SHIPPED,-,-,935.00,1,"1 Tshirt,1 Trouser and 7 Traditional Cloth",-
57,AWB00036495,Kera,Gambela,Husiniya Shukrela,251940474770,-,Meseret  Fantahun,251918333907,-,0.5,Parcel,COD,Sender,SHIPPED,85547,-,500.00,2,Seul 1988 and Hair Oil,-
58,AWB00036602,Addis Ababa,Gambela,ELENI KALETSDK,251947410726,-,KRSTINA OKUR,251964580567,-,1,Parcel,COD,Sender,SHIPPED,31962,-,500.00,1,KAFIYA WIG,-
59,AWB00035289,Bahirdar,Gambela,HABETAMU DELENESA,251913106638,-,TESEFAY DELENESA,251992741893,-,1,Parcel,COD,Sender,SHIPPED,BJR-CRSI-0210,-,1000.00,1,"Trad,cloth ",-
60,AWB00035751,Addis Ababa,Gambela,Rediet Samuel,251934397018,-,Regat Abdi,251983274737,-,0.5,Parcel,COD,Sender,SHIPPED,31683,-,500.00,2,cloths,-
61,AWB00035601,Addis Ababa,Gambela,EYERUSALEM MERSHA,251997511390,-,ZEMED KASAW,251920034092,-,1,Parcel,COD,Sender,SHIPPED,31615,-,500.00,1,SHOES,-
62,AWB00035842,Addis Ababa,Gambela,Hiwot Dessalegn,251923293717,AEC business consulting plc,Kalkidan Asegaw,251935132578,AEC business consulting plc,28,Parcel,CREDIT,Sender,SHIPPED,-,-,6180.00,2,"Tonner _8 pcs and lap top _6 pcs , charger_5 pcs",-
63,AWB00035844,Addis Ababa,Gambela,SISAY SOLOMON,251911990864,-,DAWIT DESALEGN,251935817925,-,1,Parcel,COD,Sender,SHIPPED,31711,-,500.00,1,SPARE PART,-
64,AWB00035331,Addis Ababa,Gambela,Shaba Closet,251953252325,-,Mane Okach,251968594412,-,0.5,Parcel,COD,Sender,SHIPPED,31537,-,500.00,1,trouser,-
65,334705,Kera,Gambela,Droga Pharma,251907010228,-,Gambela Town Primary Hospital,251921078831,-,11,Parcel,COD,Sender,SHIPPED,85497,-,1760.00,1,Medical Equipment with receipt,-
66,AWB00035051,Addis Ababa,Gambela,HAMZA TAJU,251920964197,-,ABNIET ADDISU,251927701553,-,0.5,Parcel,COD,Sender,SHIPPED,31452,-,500.00,1,JEANS CLOTH,-
67,333946,Jimma,Gambela,Yohanes Reta,251920055940,-,Ashenafi Tarekegny,251926344214,-,8,Parcel,COD,Sender,SHIPPED,220408,-,2620.00,1,"Poster four beer ",-
68,329684,Kera,Gambela,Demeke  Gebeyehu,251954910157,-,G/tsadik  Mengistu,251912751718,-,1,Parcel,COD,Sender,SHIPPED,85460,-,500.00,1,Spare part with Reciept,-
69,AWB00036408,Merkato,Gambela,Endashaw Faris,251922560244,-,Hoyeyat Birhanu,251923354313,-,3.5,Parcel,COD,Sender,SHIPPED,-,-,680.00,1,1 Used Compressor and 8 Steal less Steal Printing,-
70,AWB00035961,Addis Ababa,Gambela,LION SECURITY,251912609657,-,ADEMASU ANKOSHE,251910090680,-,0.5,Document,CASH,Sender,SHIPPED,-,14742,400.00,1,DOCUMENT,-
71,AWB00036455,Merkato,Gambela,Misimen Sharew,251968311700,-,Harefu Argachew,251929232018,-,4,Parcel,COD,Sender,SHIPPED,-,-,740.00,1,18 Children's Cloth and 3 Shoe,-
72,AWB00037079,Addis Ababa,Gambela,SISAY SOLOMON,251911990864,-,DAWIT SOLOMON,251935817925,-,46,Parcel,CASH,Sender,SHIPPED,-,15059,6700.00,2,SPARE  PART /PARAWLT,-
73,AWB00036958,Addis Ababa,Gambela,MIKIYAS BIRHANU,251959275113,-,DAWIT MELAKU,251918550633,-,1,Parcel,COD,Sender,SHIPPED,32080,-,500.00,2,SHOES,-
74,AWB00036981,Addis Ababa,Gambela,HABTEGIYORGIS CHANE,251960199034,-,PACH JAMES POL,251905327179,-,1,Parcel,COD,Sender,SHIPPED,32096,-,500.00,2,T-SHIRT,-
75,AWB00036904,Addis Ababa,Gambela,BARO CAR RENT,251917551681,-,TEWODROS G/MARIAM,251912686185,-,0.5,Document,CASH,Sender,SHIPPED,-,15022,400.00,1,DOCUMENT,-
76,AWB00036993,Addis Ababa,Gambela,UNIQU  ART,251911405422,-,UMED OJULU,251942342820,-,1,Valuable,COD,Sender,SHIPPED,32088,-,1100.00,7,"WATCH,CEREVAT WITH ACCESORAY,WALLATE BELT,PERFUME NACKLACE, PEN",-
77,AWB00036949,Addis Ababa,Gambela,HENOK  ABERA,251913576715,-,BINALFEW MERSHAW MRENTAL,251912637946,-,12.5,Parcel,CASH,Sender,SHIPPED,-,15039,1985.00,13,10 Fetrow and seal 3,-
78,AWB00036822,Addis Ababa,Gambela,SAHLEMARIAM ZERGAW BC,251911225558,-,MEMBRU DENEKE,251914596606,-,6.15,Parcel,CASH,Sender,SHIPPED,-,15002,1085.00,1,MOTERELO/CAR SPARE PART,-
79,AWB00037030,Addis Ababa,Gambela,Tut Malcuach,251914265139,-,Hoth Gatwech,251902037998,-,12,Parcel,CASH,Sender,SHIPPED,-,15043,1910.00,46,45 fabrics amd 1 pc charger with invoice,-
80,AWB00037012,Addis Ababa,Gambela,Lual Deng,251957794448,-,Luny Wie,251974674117,-,20.7,Parcel,CASH,Sender,SHIPPED,-,15049,3200.00,77,77 fabrics with invoice,-
81,AWB00036748,Addis Ababa,Gambela,mitselala haile,251953463414,-,almaz alem,251914805242,-,0.5,Parcel,CASH,Sender,SHIPPED,-,14989,500.00,1,1 pack jawlery,-
82,AWB00036750,Merkato,Gambela,Fromi Abera,251947541555,-,Getahun Menge,251918197513,-,0.5,Parcel,COD,Sender,SHIPPED,-,-,500.00,1,Starry Projector Light,-
83,AWB00036890,Addis Ababa,Gambela,ISRAEL CHALA,251936115487,-,ZEYNU SHUKUR,251911721664,-,0.5,Parcel,COD,Sender,SHIPPED,32064,-,500.00,1,PORTABLE ORAL IRRIGATOR,-
84,AWB00037068,Addis Ababa,Gambela,ADMASU TEKLAY,251901434950,-,ADMAS TRADING ONE MEMBER PLC/MIRUTS TEKLAY,251914839481,-,1,Parcel,COD,Sender,SHIPPED,32130,-,500.00,2,SHOES,-
85,AWB00036592,Sodo,Gambela,semira dawid,251926103063,-,saron mehari,251923234883,-,0.5,Parcel,COD,Sender,SHIPPED,220802,-,748.00,1,cosmotics,-
86,AWB00036867,Addis Ababa,Gambela,NATAN  MELESE,251967122288,-,KIDUS YOHANNES,251929444609,-,2.9,Parcel,COD,Sender,SHIPPED,32058,-,620.00,13,SPORT CLOTH,-
87,AWB00036868,Addis Ababa,Gambela,NATAN MELESE,251967122288,-,YARED GEZAHEGN,251993624171,-,2.3,Parcel,COD,Sender,SHIPPED,32057,-,560.00,12,SPORT CLOTH,-
88,AWB00036791,Addis Ababa,Gambela,YOSEF HAILU,251912420941,-,LILI ALEMAYEHU,251978103156,-,6.2,Parcel,COD,Sender,SHIPPED,32034,-,1085.00,17,CLOTH,-
89,AWB00036794,Addis Ababa,Gambela,YOSEF HAILU,251912420941,-,AYICHEW HAILE,251917301244,-,4,Parcel,COD,Sender,SHIPPED,32035,-,740.00,21,CLOTH 15 BELT 6,-
90,AWB00036994,Merkato,Gambela,Endashaw Faris,251922560244,-,Hoyeyat Abera,251923354313,-,9,Parcel,CASH,Sender,SHIPPED,-,00012510,1460.00,1,"1 Set Electrod,5 Steal Less Machin Spearparts",-

,,,,,,,,,Total Weight:,354.95 KG,,,,,,,85398,,,